update,E,I,S,V,coherence,risk,decision,lambda1
1,,,,-0.012,1.0,0.15447142230132122,approve,
2,,,,-0.022831500000000005,1.0,0.1544452686072521,approve,
3,,,,-0.03257933080089234,1.0,0.15431672667002647,approve,
4,,,,-0.04132231171520001,1.0,0.1546224905184095,approve,
5,,,,-0.04913372111143699,1.0,0.15420826940409366,approve,
6,,,,-0.05608172250421405,1.0,0.15425799124487005,approve,
7,,,,-0.06222975132902299,1.0,0.15423305889906716,approve,
8,,,,-0.06763686684178796,1.0,0.24473211563109223,approve,
9,,,,-0.07235807299226772,1.0,0.27471367019667897,approve,
10,,,,-0.07644461161872336,1.0,0.28967698958464,approve,
11,0.6455982638058899,0.8507639257576795,0.18201082624229994,-0.07994423088390508,1.0,0.28970447380911846,approve,0.17959999999999998

Summary,,,,,,,,
agent_id,composer_assistant_26252,,,,,,,
total_updates,11,,,,,,,
total_time,1.0999999999999999,,,,,,,
lambda1_final,0.17959999999999998,,,,,,,
